{"cameraMode":{"drawMode":0,"name":"Shaded","section":"Shading Mode"},"sceneLighting":true,"audioPlay":false,"sceneViewState":{"m_AlwaysRefresh":false,"showFog":true,"showSkybox":true,"showFlares":true,"showImageEffects":true,"showParticleSystems":true,"showVisualEffectGraphs":true,"m_FxEnabled":true},"in2DMode":false,"pivot":{"x":0.9979548454284668,"y":2.8610239028930666,"z":-6.254079341888428},"rotation":{"x":-0.00514624360948801,"y":0.9940738081932068,"z":-0.09966278821229935,"w":-0.05340190231800079},"size":4.031250476837158,"orthographic":false}