{"cameraMode":{"drawMode":0,"name":"Shaded","section":"Shading Mode"},"sceneLighting":true,"audioPlay":false,"sceneViewState":{"m_AlwaysRefresh":false,"showFog":true,"showSkybox":true,"showFlares":true,"showImageEffects":true,"showParticleSystems":true,"showVisualEffectGraphs":true,"m_FxEnabled":true},"in2DMode":false,"pivot":{"x":1.4502849578857422,"y":2.3037707805633547,"z":0.6830573081970215},"rotation":{"x":0.12297441065311432,"y":-0.8692498207092285,"z":0.2703239917755127,"w":0.39539143443107607},"size":5.038846015930176,"orthographic":false}