{"cameraMode":{"drawMode":0,"name":"Shaded","section":"Shading Mode"},"sceneLighting":true,"audioPlay":false,"sceneViewState":{"m_AlwaysRefresh":false,"showFog":true,"showSkybox":true,"showFlares":true,"showImageEffects":true,"showParticleSystems":true,"showVisualEffectGraphs":true,"m_FxEnabled":true},"in2DMode":false,"pivot":{"x":1.2321257591247559,"y":3.4230923652648927,"z":-1.9203300476074219},"rotation":{"x":0.020369878038764,"y":-0.9771484732627869,"z":0.10980819165706635,"w":0.18113906681537629},"size":2.487046241760254,"orthographic":false}