{"cameraMode":{"drawMode":0,"name":"Shaded","section":"Shading Mode"},"sceneLighting":true,"audioPlay":false,"sceneViewState":{"m_AlwaysRefresh":false,"showFog":true,"showSkybox":true,"showFlares":true,"showImageEffects":true,"showParticleSystems":true,"showVisualEffectGraphs":true,"m_FxEnabled":true},"in2DMode":false,"pivot":{"x":1.4092954397201539,"y":1.0196374654769898,"z":-0.14386868476867677},"rotation":{"x":-0.008218823000788689,"y":-0.9715753197669983,"z":0.2343757301568985,"w":-0.034122955054044726},"size":12.102438926696778,"orthographic":false}