{"cameraMode":{"drawMode":0,"name":"Shaded","section":"Shading Mode"},"sceneLighting":true,"audioPlay":false,"sceneViewState":{"m_AlwaysRefresh":false,"showFog":true,"showSkybox":true,"showFlares":true,"showImageEffects":true,"showParticleSystems":true,"showVisualEffectGraphs":true,"m_FxEnabled":true},"in2DMode":false,"pivot":{"x":1.7139441967010499,"y":-16.14527702331543,"z":29.44761848449707},"rotation":{"x":-0.3861183524131775,"y":-0.027946943417191507,"z":0.011702435091137886,"w":-0.9219592809677124},"size":56.01215362548828,"orthographic":false}